{
    "camera": {
        "fov": 50,
        "position": [
            -2.629894495010376,
            5.794408321380615,
            -2.0883376598358154
        ],
        "target": [
            7.128327491085687,
            5.4195298818894,
            -2.037243442648917
        ]
    },
    "background": {
        "color": [
            0.6666666666666666,
            0.6588235294117647,
            0.5725490196078431
        ]
    }
}