{
    "camera": {
        "fov": 50,
        "position": [
            -10.136116981506348,
            6.695984363555908,
            -3.9311068058013916
        ],
        "target": [
            1.2810266816446498,
            5.583841868298161,
            -2.18403817739579
        ]
    },
    "background": {
        "color": [
            0.4,
            0.4,
            0.4
        ]
    }
}