{
    "camera": {
        "fov": 50,
        "position": [
            14.76267147064209,
            9.388145446777344,
            -1.0454373359680176
        ],
        "target": [
            5.943632910434804,
            7.875374455324621,
            -0.30488197409284634
        ]
    },
    "background": {
        "color": [
            0.4,
            0.4,
            0.4
        ]
    }
}